ProductID,ProductName,Category,Price,Stock
1,Statement,Sports,875.39,117
2,Very,Books,228.13,494
3,Good,Electronics,90.81,349
4,Guy,Food,667.84,217
5,Especially,Home,706.78,341
6,Letter,Sports,18.73,494
7,Save,Clothing,716.15,44
8,I,Electronics,925.96,370
9,Cost,Home,894.85,92
10,Police,Food,470.08,108
11,Situation,Clothing,648.34,353
12,Guess,Clothing,501.25,124
13,Upon,Books,830.96,439
14,Movie,Sports,384.69,303
15,Same,Food,21.65,11
16,Television,Electronics,132.78,255
17,Face,Clothing,454.54,342
18,Leave,Toys,86.41,459
19,Student,Food,290.22,219
20,Travel,Food,645.99,339
21,Kitchen,Books,654.13,42
22,Law,Home,10.29,396
23,Few,Toys,407.46,72
24,Wonder,Food,511.19,412
25,Today,Electronics,561.42,253
26,Fly,Toys,496.85,302
27,Instead,Home,849.48,25
28,Notice,Home,845.44,253
29,Southern,Toys,694.3,317
30,Can,Toys,824.7,216
31,Environmental,Clothing,277.92,181
32,Realize,Toys,820.32,455
33,Huge,Home,824.9,445
34,Woman,Toys,541.8,137
35,Five,Home,806.14,262
36,Bank,Clothing,965.35,199
37,Laugh,Toys,431.51,482
38,Ability,Books,586.45,340
39,Bit,Sports,929.23,56
40,End,Toys,843.11,389
41,Good,Home,530.71,452
42,Everything,Books,145.07,164
43,Reason,Books,574.67,319
44,Experience,Home,667.8,455
45,Reflect,Home,327.31,205
46,Color,Sports,123.88,216
47,Everyone,Toys,897.45,135
48,Attention,Electronics,61.24,116
49,Everyone,Electronics,289.71,434
50,Media,Books,342.21,496
51,Us,Home,820.91,285
52,Open,Clothing,95.18,105
53,Wall,Electronics,361.03,394
54,Among,Books,209.43,211
55,Plan,Sports,305.04,498
56,Capital,Food,904.5,450
57,Commercial,Clothing,982.46,145
58,Point,Books,204.2,378
59,Water,Toys,44.54,311
60,Late,Food,803.24,185
61,Through,Toys,885.93,338
62,Central,Food,207.92,94
63,Us,Sports,914.91,211
64,Mr,Food,927.29,292
65,Capital,Clothing,63.35,448
66,Water,Electronics,941.11,108
67,Head,Food,852.57,272
68,Admit,Clothing,250.28,361
69,Recognize,Clothing,191.09,294
70,School,Toys,342.24,382
71,Official,Toys,165.69,372
72,Great,Electronics,146.49,494
73,Each,Sports,54.9,221
74,There,Electronics,364.92,23
75,Ball,Books,990.66,236
76,Sport,Clothing,523.68,216
77,Age,Toys,957.59,334
78,Bag,Electronics,905.31,221
79,Put,Clothing,626.44,236
80,Without,Electronics,204.49,343
81,Compare,Clothing,414.86,63
82,Show,Food,521.0,204
83,Early,Electronics,209.88,184
84,Billion,Books,558.42,419
85,Approach,Books,619.46,211
86,Bit,Food,757.19,491
87,Then,Electronics,639.6,196
88,Knowledge,Food,961.34,77
89,Bed,Electronics,84.77,316
90,Call,Books,381.51,231
91,Hit,Sports,31.52,38
92,Computer,Sports,609.98,379
93,Structure,Electronics,258.4,338
94,Stuff,Clothing,583.08,79
95,Structure,Sports,381.64,335
96,Record,Books,299.74,211
97,Find,Toys,609.11,344
98,Join,Toys,390.89,128
99,Stay,Food,798.22,275
100,Available,Home,682.09,235
101,Far,Food,354.68,100
102,Party,Home,305.67,200
103,Eye,Home,313.19,395
104,Majority,Home,253.17,92
105,Remain,Clothing,912.98,39
106,Up,Clothing,974.33,274
107,End,Food,549.63,39
108,Laugh,Clothing,146.97,399
109,Job,Toys,352.24,320
110,Send,Food,413.01,36
111,According,Clothing,512.7,108
112,Public,Home,40.12,186
113,Measure,Home,659.36,231
114,Social,Sports,754.61,386
115,Nice,Toys,879.54,169
116,Case,Sports,541.14,495
117,Clear,Toys,44.69,263
118,Audience,Electronics,463.3,204
119,Last,Toys,902.31,31
120,Third,Clothing,734.35,118
121,Within,Food,928.43,68
122,Much,Clothing,614.04,65
123,Top,Food,291.92,456
124,Number,Electronics,965.51,285
125,The,Toys,659.0,228
126,Later,Toys,966.0,237
127,Box,Electronics,932.86,187
128,Customer,Home,942.38,432
129,Speak,Books,959.56,213
130,Event,Clothing,195.06,198
131,Window,Food,492.53,59
132,Employee,Sports,153.09,51
133,Life,Food,80.96,416
134,Mean,Books,265.61,191
135,Front,Books,576.88,341
136,Step,Clothing,248.37,132
137,Possible,Books,72.04,221
138,Poor,Toys,513.38,499
139,Affect,Food,369.6,189
140,Work,Electronics,763.07,442
141,Discussion,Toys,775.27,293
142,Tell,Sports,460.36,291
143,Prove,Books,858.26,174
144,Cup,Food,943.08,50
145,Senior,Toys,915.05,379
146,Tend,Toys,369.86,376
147,Design,Home,986.72,17
148,Sport,Toys,482.16,263
149,Describe,Food,375.66,334
150,Difference,Toys,545.62,474
151,Soon,Home,594.4,485
152,Degree,Electronics,297.87,469
153,Environmental,Food,102.85,272
154,Really,Books,958.75,326
155,Rule,Sports,946.36,306
156,Imagine,Electronics,575.57,229
157,Benefit,Food,405.22,456
158,Such,Books,823.9,346
159,Growth,Books,30.04,235
160,Practice,Sports,249.27,355
161,Above,Books,301.89,396
162,Thus,Toys,854.15,484
163,After,Sports,999.93,171
164,Suffer,Clothing,562.01,200
165,Alone,Sports,723.9,234
166,Rise,Clothing,664.39,87
167,Page,Clothing,950.67,237
168,Look,Toys,250.59,285
169,Meeting,Clothing,794.74,173
170,Role,Sports,11.19,37
171,Table,Toys,797.17,275
172,Claim,Food,58.56,210
173,Attack,Food,273.31,280
174,Close,Clothing,28.68,456
175,Fund,Food,585.44,349
176,Unit,Food,599.29,129
177,Save,Sports,553.54,474
178,Film,Home,658.92,305
179,Teacher,Home,5.25,170
180,Herself,Home,792.49,241
181,Happen,Clothing,165.33,3
182,I,Toys,667.0,387
183,Long,Home,34.58,255
184,Place,Books,223.29,2
185,Too,Home,353.73,96
186,House,Toys,712.39,94
187,Go,Home,643.16,489
188,Although,Toys,372.4,378
189,It,Clothing,165.42,74
190,Garden,Books,261.5,229
191,Most,Sports,260.54,286
192,Road,Sports,151.76,475
193,Improve,Food,158.0,127
194,Difficult,Books,202.8,249
195,Guess,Home,489.08,109
196,Campaign,Books,843.18,62
197,Sure,Toys,506.05,410
198,Democratic,Toys,27.37,317
199,Low,Books,602.87,259
200,Cell,Electronics,83.49,194
201,Low,Books,330.02,280
202,Believe,Books,946.74,208
203,Involve,Clothing,274.96,110
204,Lot,Books,168.99,348
205,Discover,Toys,267.7,352
206,Before,Sports,731.16,253
207,Board,Sports,284.97,165
208,Spring,Sports,719.61,486
209,Never,Electronics,394.91,291
210,Official,Clothing,433.67,393
211,Reach,Sports,603.28,339
212,Image,Home,614.01,136
213,Party,Toys,797.4,345
214,Difference,Electronics,593.92,226
215,Hear,Books,91.91,95
216,Tend,Toys,736.94,221
217,Recognize,Clothing,519.82,390
218,Take,Toys,67.88,364
219,Enjoy,Electronics,658.46,429
220,Behind,Toys,492.82,173
221,Each,Food,222.28,114
222,Effect,Clothing,249.54,336
223,Senior,Electronics,153.07,377
224,Beyond,Toys,571.36,219
225,Fall,Food,868.15,481
226,Miss,Books,548.51,49
227,Recent,Food,556.78,186
228,Management,Home,747.49,148
229,Believe,Books,42.06,396
230,Tend,Electronics,144.52,409
231,Future,Home,28.47,11
232,Free,Books,957.98,42
233,Former,Sports,663.07,371
234,Public,Food,340.04,361
235,Away,Books,901.49,395
236,Matter,Sports,933.42,233
237,The,Toys,61.48,328
238,Smile,Sports,12.76,16
239,Treatment,Electronics,172.77,493
240,Audience,Books,624.4,202
241,Surface,Sports,954.77,50
242,Human,Electronics,46.98,215
243,Mind,Clothing,354.91,312
244,Either,Food,859.76,300
245,Spring,Electronics,422.91,256
246,Goal,Sports,53.75,248
247,Until,Books,616.08,450
248,Low,Sports,291.39,148
249,Total,Food,542.3,171
250,Approach,Home,61.59,99
251,Those,Sports,699.33,69
252,Station,Clothing,153.11,96
253,Lay,Toys,210.94,38
254,Personal,Books,628.91,118
255,Single,Home,36.12,303
256,Finally,Home,832.44,296
257,Live,Food,357.78,309
258,Mrs,Clothing,406.87,252
259,Old,Sports,57.69,29
260,Air,Electronics,17.53,251
261,Public,Books,164.87,31
262,Then,Toys,375.73,86
263,Hit,Clothing,470.76,450
264,Around,Toys,928.69,372
265,Firm,Electronics,989.71,279
266,Hot,Sports,12.19,201
267,Bill,Clothing,168.18,298
268,Really,Home,962.59,188
269,Note,Home,461.41,398
270,Middle,Toys,271.7,231
271,Information,Clothing,679.83,422
272,Water,Toys,272.01,202
273,Teach,Books,813.31,452
274,Professional,Books,268.8,437
275,Season,Food,398.49,49
276,Idea,Clothing,769.23,491
277,Third,Home,882.67,63
278,Policy,Toys,252.81,107
279,Part,Books,745.82,441
280,Why,Toys,127.84,19
281,Lose,Electronics,779.4,163
282,Small,Toys,942.03,451
283,Here,Sports,579.93,69
284,Writer,Books,390.88,160
285,Set,Electronics,138.75,87
286,Either,Home,299.89,39
287,Forget,Clothing,974.25,440
288,Research,Toys,403.82,279
289,Design,Toys,849.94,211
290,Ago,Clothing,987.96,290
291,Last,Sports,484.29,494
292,Dream,Food,472.54,12
293,Again,Sports,559.7,118
294,Read,Toys,242.62,391
295,Beyond,Sports,846.03,468
296,Would,Home,150.51,394
297,Maybe,Home,850.22,35
298,Chair,Clothing,661.6,497
299,Around,Food,965.06,336
300,Course,Toys,176.73,92
301,Store,Home,300.31,438
302,Bill,Clothing,383.73,282
303,Civil,Books,711.85,124
304,Close,Toys,234.74,331
305,Common,Food,639.22,426
306,Score,Food,714.14,480
307,Subject,Home,278.16,204
308,Garden,Toys,367.73,141
309,Left,Electronics,406.8,230
310,Notice,Food,63.33,306
311,Keep,Home,335.62,244
312,Item,Clothing,507.67,138
313,Discover,Books,180.49,314
314,Consider,Food,333.49,113
315,North,Books,693.93,68
316,Bank,Food,287.97,120
317,Idea,Toys,525.19,252
318,Avoid,Sports,93.17,260
319,Other,Toys,972.56,35
320,Lay,Electronics,256.59,364
321,This,Electronics,472.5,49
322,Product,Home,702.81,48
323,Only,Toys,734.26,264
324,Amount,Sports,299.71,41
325,Close,Food,804.49,83
326,Economic,Food,273.89,489
327,School,Toys,873.5,230
328,Onto,Sports,498.1,215
329,Decision,Books,114.82,160
330,Property,Clothing,293.03,392
331,Soldier,Clothing,511.45,12
332,Thousand,Sports,819.28,384
333,Especially,Home,453.16,221
334,Animal,Toys,479.92,20
335,Media,Sports,341.69,52
336,Must,Toys,567.76,488
337,Very,Home,813.78,450
338,So,Clothing,151.97,339
339,Director,Home,747.32,309
340,Send,Books,576.8,466
341,Owner,Clothing,390.01,246
342,Return,Home,571.31,165
343,Half,Books,612.21,306
344,May,Clothing,779.6,78
345,Child,Toys,777.16,326
346,Majority,Toys,446.23,346
347,Goal,Toys,690.47,144
348,Operation,Electronics,491.92,463
349,Eat,Sports,267.03,375
350,Third,Sports,323.38,450
351,Mean,Electronics,811.69,317
352,Trouble,Food,127.46,431
353,Perform,Sports,868.62,33
354,Adult,Food,351.45,453
355,Impact,Home,116.39,352
356,Religious,Books,559.23,218
357,Box,Sports,925.23,259
358,Under,Sports,493.34,415
359,Member,Sports,145.97,346
360,Figure,Electronics,163.0,439
361,Stock,Books,166.29,191
362,Moment,Food,294.56,83
363,Away,Home,69.18,61
364,Else,Sports,122.32,427
365,Others,Electronics,583.5,176
366,Scene,Clothing,170.78,311
367,Price,Food,314.63,361
368,Say,Toys,951.0,379
369,Suggest,Clothing,954.36,254
370,Different,Sports,204.63,200
371,Human,Books,312.3,408
372,Everything,Home,115.53,185
373,Reach,Electronics,161.08,191
374,Have,Books,725.74,356
375,Wonder,Books,539.25,237
376,Rather,Home,758.95,108
377,Make,Food,64.09,90
378,Wall,Home,677.53,329
379,Father,Electronics,642.69,458
380,Interest,Toys,154.78,291
381,Discuss,Electronics,151.96,392
382,Water,Clothing,856.17,497
383,Fall,Clothing,345.69,394
384,Red,Food,827.02,68
385,Nor,Clothing,744.93,262
386,Community,Food,345.32,157
387,International,Clothing,968.52,341
388,Their,Toys,372.0,398
389,Thing,Electronics,91.02,426
390,Hot,Food,155.75,95
391,Financial,Toys,727.17,84
392,Election,Clothing,771.05,474
393,Recent,Electronics,261.6,249
394,Building,Food,947.18,278
395,Something,Clothing,316.78,154
396,Car,Toys,880.77,269
397,Low,Sports,713.96,44
398,Imagine,Home,130.88,139
399,Energy,Home,45.65,7
400,Wish,Toys,42.04,257
401,Age,Food,120.78,480
402,Glass,Clothing,358.62,386
403,Attorney,Sports,715.48,117
404,Far,Sports,778.42,496
405,Section,Home,520.97,488
406,Treatment,Electronics,619.82,161
407,Street,Clothing,670.17,317
408,Bit,Food,225.09,246
409,Face,Toys,239.69,277
410,Food,Food,212.17,191
411,Same,Sports,880.92,174
412,About,Clothing,885.47,5
413,Pass,Electronics,933.51,265
414,Above,Toys,712.62,406
415,Get,Toys,456.95,337
416,Nor,Food,473.7,369
417,Skill,Clothing,562.93,445
418,Growth,Clothing,786.11,213
419,Moment,Books,45.71,382
420,While,Food,902.97,351
421,Another,Food,589.99,446
422,Rich,Clothing,730.52,210
423,Eat,Clothing,236.15,41
424,Research,Home,375.5,20
425,Participant,Electronics,882.88,318
426,Serious,Electronics,813.02,208
427,Edge,Toys,524.32,290
428,Hope,Home,132.54,136
429,Watch,Food,608.68,97
430,Artist,Clothing,499.67,204
431,Letter,Toys,622.38,11
432,Enough,Home,777.24,280
433,World,Home,607.29,164
434,Week,Clothing,230.69,203
435,Process,Electronics,363.4,186
436,Travel,Home,215.4,176
437,Everything,Food,667.2,471
438,Him,Clothing,919.92,497
439,Easy,Electronics,642.63,117
440,Fund,Toys,969.64,414
441,Outside,Food,729.98,137
442,Support,Toys,733.9,158
443,Treat,Home,173.86,207
444,Performance,Food,819.0,207
445,Memory,Books,483.01,418
446,Increase,Books,872.69,446
447,Result,Toys,148.36,409
448,Including,Food,718.59,311
449,All,Toys,754.57,14
450,Situation,Electronics,404.79,298
451,Party,Clothing,185.32,185
452,Serve,Books,921.94,279
453,Price,Sports,414.71,116
454,International,Sports,114.75,306
455,Vote,Food,832.22,14
456,Pressure,Home,927.42,314
457,Course,Clothing,30.98,252
458,Kid,Food,424.94,325
459,Already,Food,917.0,66
460,Everyone,Sports,676.86,240
461,Either,Electronics,254.9,401
462,Republican,Sports,826.65,43
463,Third,Books,856.89,138
464,Mission,Home,109.33,250
465,Message,Electronics,636.73,331
466,Spend,Home,776.97,160
467,Send,Home,199.97,382
468,Start,Clothing,948.62,103
469,Left,Clothing,599.62,312
470,Serve,Toys,786.03,210
471,Focus,Home,843.44,352
472,Someone,Books,649.16,186
473,Rock,Sports,296.51,169
474,Story,Books,237.08,323
475,Table,Toys,944.02,454
476,Probably,Clothing,386.94,198
477,From,Books,595.82,201
478,Four,Books,27.6,110
479,Fish,Books,722.43,338
480,Down,Electronics,508.77,230
481,Idea,Toys,386.39,262
482,Party,Clothing,151.82,465
483,Conference,Food,10.51,316
484,Discussion,Home,653.54,213
485,Move,Books,850.42,399
486,Light,Toys,538.32,175
487,End,Toys,5.82,252
488,Attack,Books,978.31,491
489,Able,Food,225.7,364
490,Loss,Clothing,881.93,350
491,Idea,Food,831.16,192
492,Site,Food,847.46,246
493,Which,Electronics,889.09,293
494,Responsibility,Food,138.63,290
495,Teacher,Books,458.5,390
496,Natural,Clothing,666.02,301
497,Ability,Food,164.65,96
498,Opportunity,Home,449.91,14
499,Main,Toys,720.72,242
500,Near,Food,884.85,83
501,Travel,Food,968.18,473
502,Firm,Books,267.53,446
503,Person,Food,274.93,327
504,Nature,Home,467.68,230
505,Quite,Sports,358.42,498
506,Material,Books,270.17,316
507,Happy,Food,636.35,370
508,Even,Electronics,139.39,17
509,Your,Electronics,918.45,126
510,Which,Electronics,510.22,259
511,Consumer,Home,716.74,386
512,Plan,Sports,107.88,253
513,House,Clothing,486.74,455
514,Themselves,Sports,652.26,56
515,Relate,Food,390.87,50
516,From,Home,909.48,383
517,Artist,Books,196.83,420
518,Computer,Home,246.46,399
519,Speech,Clothing,972.46,229
520,Occur,Home,140.8,49
521,Indicate,Food,733.93,385
522,Think,Sports,90.47,499
523,For,Toys,106.08,342
524,Agency,Food,36.63,470
525,Administration,Sports,72.22,342
526,Democratic,Food,771.4,346
527,Parent,Sports,245.63,396
528,Determine,Home,24.37,465
529,Reality,Toys,202.59,150
530,Customer,Electronics,973.52,175
531,Assume,Books,164.32,210
532,Building,Toys,203.46,279
533,Better,Food,598.55,287
534,Myself,Toys,668.38,474
535,Live,Books,227.14,47
536,Over,Books,762.9,28
537,Let,Home,515.44,27
538,Describe,Sports,451.75,400
539,Fish,Toys,661.56,299
540,Certain,Books,83.94,179
541,Million,Sports,53.9,328
542,Quite,Home,463.29,111
543,Way,Clothing,577.54,490
544,Yeah,Books,895.88,69
545,Cold,Electronics,961.89,64
546,Fill,Toys,855.5,220
547,Experience,Sports,977.02,469
548,Increase,Clothing,640.65,436
549,Him,Food,567.88,345
550,Large,Sports,758.0,103
551,Standard,Books,980.37,217
552,Whether,Home,293.64,94
553,Thing,Toys,806.99,448
554,Trip,Sports,475.78,351
555,Oil,Books,573.72,323
556,Scene,Food,135.04,146
557,Experience,Toys,846.83,389
558,Right,Electronics,981.43,444
559,Statement,Toys,914.23,270
560,Firm,Clothing,570.92,22
561,Appear,Books,171.62,428
562,Democratic,Electronics,700.81,469
563,Common,Books,60.4,332
564,Value,Books,738.38,339
565,Arm,Clothing,956.62,407
566,Time,Home,143.85,68
567,Two,Clothing,669.56,29
568,Experience,Books,681.38,217
569,Should,Books,82.78,479
570,Down,Sports,908.8,221
571,Sea,Books,681.71,171
572,Through,Books,174.91,60
573,According,Home,380.04,416
574,Effort,Home,726.8,199
575,White,Home,233.56,21
576,Attack,Toys,90.07,271
577,Enjoy,Toys,174.31,233
578,By,Home,411.54,272
579,Yes,Toys,932.17,303
580,Shoulder,Sports,98.21,134
581,Far,Sports,785.32,371
582,Lead,Home,31.94,22
583,Doctor,Books,106.35,105
584,Would,Clothing,80.17,327
585,Green,Books,904.05,202
586,Piece,Home,462.12,408
587,Every,Food,608.89,184
588,Project,Books,996.34,330
589,Couple,Home,718.02,299
590,Certain,Food,951.67,441
591,Identify,Food,833.83,253
592,Sure,Clothing,573.12,257
593,Work,Electronics,791.43,78
594,Claim,Home,315.38,177
595,Black,Toys,149.16,312
596,Structure,Toys,665.24,402
597,Whether,Sports,209.18,389
598,Line,Food,46.8,7
599,Only,Books,728.5,340
600,Half,Home,393.96,26
601,Same,Food,887.22,135
602,Risk,Food,808.6,14
603,Drop,Toys,327.64,111
604,Pass,Food,67.87,52
605,Class,Sports,394.22,388
606,Raise,Food,550.16,254
607,Eight,Sports,89.24,49
608,Agreement,Food,728.94,213
609,Pattern,Sports,418.75,239
610,Window,Sports,338.27,397
611,Continue,Clothing,843.21,280
612,How,Books,629.22,317
613,Attention,Home,271.49,9
614,Store,Books,554.3,130
615,Produce,Books,247.98,245
616,Conference,Toys,82.02,261
617,Coach,Toys,551.47,271
618,Hour,Food,462.38,454
619,Thus,Toys,54.65,472
620,Toward,Food,551.31,10
621,Remain,Food,148.37,256
622,Population,Electronics,79.92,106
623,Argue,Home,52.42,89
624,Only,Food,569.68,494
625,Talk,Sports,411.81,404
626,Parent,Clothing,562.74,286
627,Form,Clothing,22.12,31
628,Ahead,Food,179.81,74
629,Perhaps,Food,945.78,447
630,Remember,Clothing,20.49,312
631,Bill,Books,240.02,289
632,Land,Clothing,569.53,63
633,Individual,Electronics,176.77,296
634,Wonder,Home,672.53,98
635,His,Clothing,283.98,447
636,Green,Food,903.3,40
637,Day,Home,555.99,214
638,Several,Books,124.04,389
639,Detail,Toys,435.63,218
640,Big,Toys,250.18,130
641,Past,Electronics,813.34,116
642,There,Home,635.76,331
643,Either,Electronics,892.08,11
644,By,Sports,449.61,438
645,Poor,Clothing,649.86,314
646,Whose,Toys,137.55,64
647,Citizen,Electronics,494.2,239
648,Respond,Food,536.9,376
649,For,Food,769.33,440
650,Value,Books,707.17,273
651,White,Food,358.68,379
652,Serve,Home,571.51,135
653,Through,Books,571.36,223
654,South,Clothing,481.28,393
655,Community,Food,269.68,39
656,Rather,Food,10.05,498
657,Lot,Food,220.68,416
658,True,Toys,945.61,474
659,Art,Toys,290.38,478
660,Central,Toys,546.72,458
661,Parent,Home,346.1,112
662,Door,Home,535.68,246
663,Amount,Food,413.08,441
664,Kind,Electronics,767.12,352
665,No,Home,473.28,386
666,Hand,Electronics,918.28,150
667,Short,Toys,795.14,124
668,Age,Toys,36.6,264
669,Society,Clothing,813.84,458
670,Affect,Home,870.39,356
671,Exist,Electronics,456.05,415
672,While,Food,553.36,70
673,Off,Books,940.9,286
674,Analysis,Clothing,193.14,180
675,Week,Toys,641.21,353
676,Nice,Sports,620.14,35
677,Official,Electronics,883.04,426
678,Today,Home,189.17,196
679,Human,Home,126.46,257
680,Street,Electronics,810.42,144
681,Speech,Clothing,960.06,17
682,Both,Books,847.12,373
683,Health,Clothing,816.98,62
684,And,Home,977.34,39
685,Attorney,Home,410.55,193
686,High,Toys,994.93,150
687,Peace,Toys,212.82,188
688,Society,Sports,866.17,182
689,Action,Food,547.42,214
690,Sport,Sports,111.95,98
691,Subject,Toys,646.15,142
692,Dark,Toys,104.33,182
693,Heavy,Sports,438.6,92
694,Information,Books,662.57,274
695,Administration,Books,984.13,193
696,Peace,Electronics,869.24,367
697,Pick,Food,455.07,90
698,Stage,Clothing,139.79,386
699,Law,Toys,6.37,35
700,Third,Toys,176.27,331
701,Enjoy,Sports,28.65,163
702,Charge,Books,794.19,264
703,On,Clothing,638.0,55
704,By,Sports,243.53,179
705,Buy,Food,767.64,347
706,Training,Food,47.91,46
707,War,Food,141.39,249
708,Age,Books,459.35,407
709,Significant,Sports,573.45,292
710,Image,Sports,855.8,452
711,Yeah,Books,73.66,273
712,Major,Clothing,818.71,79
713,Why,Home,328.07,242
714,Anyone,Home,615.82,364
715,Election,Food,546.47,163
716,Lawyer,Electronics,320.11,142
717,Possible,Sports,935.51,387
718,Program,Electronics,755.44,266
719,Ten,Clothing,510.53,479
720,Book,Electronics,383.78,110
721,Expect,Electronics,229.17,212
722,Certain,Electronics,771.32,489
723,Moment,Books,769.63,35
724,Partner,Sports,314.28,240
725,Ago,Sports,191.29,123
726,Particularly,Toys,106.75,286
727,Market,Home,761.15,417
728,Mean,Toys,964.74,175
729,Popular,Toys,752.14,185
730,Second,Home,824.56,397
731,Power,Books,809.78,447
732,Man,Food,313.58,413
733,Example,Clothing,955.85,199
734,Can,Clothing,363.86,62
735,Raise,Books,821.6,95
736,Detail,Food,456.88,415
737,War,Toys,635.42,345
738,Trouble,Books,879.23,304
739,Whose,Food,723.41,12
740,Nation,Electronics,547.67,84
741,Drug,Sports,845.2,123
742,Show,Toys,642.72,152
743,Everything,Food,367.5,44
744,Exactly,Toys,840.84,303
745,Lawyer,Food,381.76,38
746,Them,Food,445.45,236
747,Black,Toys,873.14,252
748,Fire,Books,404.02,475
749,Space,Clothing,660.31,484
750,Whole,Clothing,23.07,205
751,Official,Books,638.1,403
752,Someone,Toys,577.27,197
753,Inside,Home,855.82,113
754,College,Clothing,549.03,349
755,Nothing,Home,469.69,464
756,Education,Toys,345.51,88
757,Night,Sports,983.18,290
758,Over,Electronics,659.84,72
759,Read,Food,371.99,432
760,Respond,Electronics,806.55,87
761,Herself,Books,388.19,401
762,Sort,Home,888.06,64
763,Hour,Clothing,525.66,368
764,Heart,Toys,872.41,353
765,Sometimes,Sports,593.08,281
766,Class,Sports,144.29,167
767,Him,Electronics,628.25,452
768,Rule,Electronics,947.83,342
769,Discover,Clothing,882.13,478
770,Place,Home,871.32,415
771,Cause,Sports,456.84,471
772,Remain,Home,276.55,8
773,Artist,Sports,812.85,381
774,Accept,Toys,685.01,319
775,Surface,Home,76.93,455
776,Need,Books,580.57,159
777,Choice,Home,10.89,454
778,Too,Books,450.96,419
779,Good,Books,644.74,97
780,While,Electronics,720.77,329
781,Recognize,Food,344.4,129
782,Which,Electronics,340.67,349
783,Rest,Clothing,554.26,215
784,Across,Clothing,337.04,439
785,Run,Books,801.14,207
786,By,Toys,992.64,494
787,Right,Toys,827.95,227
788,Rather,Sports,140.86,100
789,Ever,Books,60.94,56
790,Whole,Clothing,130.1,198
791,Again,Sports,927.28,218
792,Will,Toys,821.53,475
793,Concern,Electronics,759.3,156
794,Draw,Toys,87.18,314
795,Day,Clothing,136.13,405
796,Than,Clothing,991.02,238
797,Phone,Toys,175.24,18
798,Interest,Clothing,441.34,355
799,Simple,Books,795.74,489
800,Property,Food,497.16,97
801,Chair,Food,97.17,140
802,Imagine,Toys,928.34,173
803,Available,Sports,368.75,454
804,Management,Clothing,119.55,102
805,Surface,Toys,811.52,400
806,But,Electronics,148.09,146
807,Whatever,Food,290.98,245
808,Adult,Clothing,44.87,92
809,Second,Books,911.15,327
810,Bar,Electronics,290.4,40
811,Important,Toys,403.19,377
812,Another,Electronics,777.13,224
813,Lead,Electronics,725.57,412
814,Audience,Clothing,946.69,333
815,Lot,Electronics,410.94,83
816,Ahead,Home,647.51,73
817,Federal,Home,857.5,227
818,Meet,Clothing,269.81,8
819,Institution,Sports,862.42,92
820,Sport,Sports,281.56,101
821,Action,Electronics,671.07,427
822,Above,Home,141.0,90
823,Customer,Clothing,612.14,382
824,Put,Clothing,255.74,249
825,Notice,Books,672.88,463
826,Remember,Electronics,182.41,428
827,Later,Home,188.07,112
828,Control,Home,842.54,216
829,Car,Electronics,147.05,69
830,Director,Electronics,388.89,128
831,Find,Toys,287.34,5
832,Black,Toys,780.31,120
833,Out,Clothing,187.46,311
834,Street,Sports,10.02,267
835,Remember,Home,150.04,296
836,Leader,Toys,153.72,332
837,Remember,Books,115.38,198
838,Research,Books,458.01,126
839,Prove,Sports,838.89,137
840,Easy,Electronics,466.89,13
841,Amount,Toys,364.3,63
842,Safe,Books,78.01,321
843,Morning,Food,280.2,150
844,Quickly,Food,604.73,108
845,Water,Toys,965.01,55
846,Media,Home,588.17,162
847,Section,Sports,308.23,472
848,Team,Home,245.0,473
849,Seven,Electronics,475.18,410
850,Expert,Books,83.31,35
851,Able,Sports,606.56,372
852,Available,Toys,662.38,67
853,It,Sports,890.99,266
854,Like,Clothing,36.48,373
855,Create,Clothing,692.73,210
856,Until,Books,615.23,474
857,Little,Home,636.1,467
858,Record,Toys,320.19,128
859,Along,Clothing,127.7,246
860,Mouth,Clothing,419.84,33
861,Direction,Food,940.34,376
862,Try,Electronics,769.98,491
863,Improve,Food,133.62,340
864,Already,Food,981.35,202
865,Challenge,Books,561.86,253
866,Hotel,Clothing,530.0,265
867,Number,Sports,64.58,387
868,Hit,Sports,730.87,55
869,Song,Home,513.75,324
870,Either,Food,950.86,201
871,Imagine,Toys,802.67,34
872,Data,Books,217.43,27
873,Determine,Home,516.0,88
874,Stop,Books,886.16,213
875,Rock,Toys,113.51,9
876,Feeling,Books,885.13,439
877,There,Food,738.65,339
878,Everyone,Clothing,225.91,483
879,Throw,Food,890.44,366
880,Hit,Food,75.73,52
881,Finally,Books,742.82,278
882,Leg,Electronics,284.82,441
883,Popular,Sports,390.79,465
884,At,Toys,718.39,122
885,Laugh,Sports,677.18,17
886,Avoid,Clothing,448.79,499
887,Draw,Books,57.25,271
888,Theory,Food,477.44,92
889,Speech,Home,959.5,241
890,Parent,Home,875.19,7
891,Shake,Toys,417.84,132
892,Someone,Home,331.36,331
893,Bank,Clothing,362.92,51
894,Both,Books,771.88,12
895,Require,Books,483.17,255
896,Author,Books,910.75,305
897,Size,Electronics,632.68,356
898,Family,Books,784.36,244
899,Single,Clothing,627.88,441
900,Our,Clothing,374.38,119
901,Line,Electronics,706.95,200
902,Since,Food,643.45,100
903,Cost,Food,998.7,380
904,Soldier,Clothing,914.76,231
905,Sometimes,Books,795.83,409
906,Democratic,Toys,852.57,407
907,Change,Sports,665.5,421
908,Course,Sports,402.51,255
909,Back,Toys,187.74,53
910,Check,Books,850.49,341
911,Authority,Toys,345.15,443
912,Turn,Electronics,305.01,50
913,Answer,Food,815.77,372
914,Tv,Toys,992.68,140
915,Sport,Home,766.7,388
916,Surface,Toys,773.45,429
917,Push,Books,53.93,473
918,Chair,Books,528.07,394
919,Language,Sports,426.48,374
920,Cut,Food,232.41,435
921,Book,Toys,248.77,103
922,Assume,Sports,790.1,259
923,Customer,Home,890.07,183
924,Bad,Food,944.35,255
925,Ball,Books,837.18,55
926,Edge,Sports,878.55,30
927,Matter,Books,193.89,11
928,Alone,Toys,840.19,224
929,Cell,Food,505.54,43
930,Across,Books,314.62,146
931,Someone,Books,793.01,223
932,Protect,Clothing,338.92,134
933,Popular,Sports,948.88,466
934,Bed,Food,403.84,379
935,Cause,Toys,817.96,226
936,Quickly,Electronics,533.07,335
937,Agreement,Sports,339.17,102
938,Ball,Food,793.67,26
939,Rule,Home,764.26,324
940,Bill,Toys,475.81,78
941,Tonight,Books,591.26,286
942,Important,Books,641.17,193
943,Recognize,Clothing,184.28,138
944,Hit,Electronics,810.45,430
945,Top,Books,184.72,268
946,Decade,Toys,977.48,104
947,Family,Sports,395.07,221
948,Close,Home,163.5,127
949,Inside,Toys,111.73,133
950,Join,Electronics,802.45,448
951,You,Toys,644.62,21
952,While,Home,147.71,119
953,Far,Home,908.21,37
954,Lead,Toys,995.12,69
955,Marriage,Clothing,765.87,467
956,Whatever,Home,857.5,312
957,Him,Clothing,526.37,443
958,North,Toys,252.49,445
959,Never,Toys,307.88,250
960,Situation,Home,111.71,405
961,Tough,Food,881.76,266
962,Worry,Home,135.77,355
963,You,Sports,358.66,321
964,Officer,Food,256.3,438
965,Necessary,Books,139.79,291
966,Step,Clothing,601.54,252
967,Another,Home,37.86,335
968,Structure,Clothing,533.49,72
969,Attorney,Books,80.46,440
970,News,Sports,965.71,447
971,Page,Books,929.2,318
972,Popular,Sports,267.96,25
973,Glass,Home,870.34,342
974,Stay,Toys,238.51,462
975,Drug,Sports,931.76,7
976,Information,Home,822.32,87
977,Lose,Clothing,158.61,240
978,Financial,Toys,198.54,42
979,Good,Books,309.29,464
980,Hold,Books,116.1,320
981,Question,Home,325.63,334
982,American,Food,273.45,281
983,Avoid,Electronics,189.51,343
984,Sound,Food,11.8,372
985,Large,Home,210.13,368
986,Involve,Sports,539.17,69
987,Parent,Clothing,937.1,9
988,Appear,Sports,588.29,497
989,Trip,Home,435.31,498
990,Apply,Books,528.19,80
991,Room,Toys,130.03,256
992,Beat,Books,811.7,120
993,Hold,Sports,782.09,246
994,Relationship,Food,805.32,365
995,Paper,Electronics,476.49,135
996,Eat,Books,961.42,291
997,Land,Electronics,467.75,497
998,Professional,Food,902.0,416
999,Compare,Toys,147.18,75
1000,Reveal,Books,292.38,300
1001,Quickly,Books,601.26,19
1002,When,Toys,663.83,185
1003,Thank,Home,433.92,422
1004,Performance,Sports,122.13,74
1005,Girl,Books,576.2,286
1006,Benefit,Home,229.11,441
1007,Name,Books,587.94,496
1008,Popular,Food,415.35,411
1009,Beautiful,Clothing,968.7,274
1010,Least,Toys,334.88,456
1011,Item,Food,614.59,301
1012,Ago,Clothing,984.7,205
1013,Discuss,Clothing,753.51,260
1014,Wear,Toys,230.23,55
1015,Trip,Electronics,37.76,233
1016,Must,Food,366.67,257
1017,Can,Electronics,677.98,181
1018,Draw,Sports,672.17,121
1019,Eight,Home,297.28,202
1020,Note,Food,642.17,240
1021,Section,Home,152.5,309
1022,Action,Electronics,248.13,147
1023,Forward,Electronics,363.35,172
1024,Interview,Sports,514.43,337
1025,Serve,Sports,875.72,65
1026,Effect,Food,39.12,125
1027,Environment,Clothing,449.91,426
1028,Out,Toys,646.69,193
1029,Maybe,Clothing,528.69,245
1030,Performance,Toys,228.54,217
1031,Size,Home,953.78,224
1032,Race,Home,909.92,435
1033,Other,Clothing,942.7,241
1034,Play,Electronics,662.52,312
1035,Sing,Books,839.83,134
1036,Under,Home,589.64,479
1037,Work,Sports,142.16,155
1038,According,Clothing,931.79,219
1039,Him,Electronics,96.68,196
1040,Center,Toys,635.01,343
1041,Need,Clothing,946.24,51
1042,Stay,Books,203.82,328
1043,Expect,Books,229.18,273
1044,Tax,Sports,211.99,394
1045,Factor,Clothing,148.12,388
1046,Forward,Sports,237.35,378
1047,Safe,Sports,555.88,226
1048,Mr,Sports,90.78,27
1049,Sure,Home,557.93,246
1050,Woman,Toys,475.07,471
1051,Child,Electronics,752.17,495
1052,Range,Food,486.75,324
1053,Consumer,Home,838.39,192
1054,Shake,Home,488.66,263
1055,And,Home,476.94,119
1056,Look,Electronics,725.43,61
1057,Field,Toys,55.66,10
1058,Onto,Food,471.33,393
1059,Form,Books,682.71,488
1060,Commercial,Sports,76.76,146
1061,Movie,Toys,549.27,242
1062,Race,Home,253.74,4
1063,Per,Sports,254.54,75
1064,Writer,Books,164.28,153
1065,Product,Clothing,412.22,176
1066,Clearly,Home,155.39,21
1067,Hear,Books,671.27,187
1068,Senior,Books,814.22,113
1069,Onto,Sports,878.73,138
1070,Physical,Books,835.65,359
1071,Maybe,Books,99.15,43
1072,Music,Food,535.12,303
1073,New,Food,12.56,496
1074,Although,Toys,811.46,193
1075,Positive,Sports,96.15,362
1076,Modern,Home,631.51,77
1077,Institution,Home,540.7,77
1078,Ask,Toys,954.73,54
1079,Language,Toys,754.34,369
1080,Focus,Food,360.76,78
1081,Smile,Electronics,179.62,430
1082,Hospital,Toys,421.83,181
1083,Field,Toys,525.99,180
1084,Middle,Toys,234.06,249
1085,Yes,Toys,872.86,406
1086,Bag,Clothing,167.05,253
1087,Either,Toys,60.16,230
1088,Happen,Books,197.83,175
1089,When,Food,967.91,242
1090,Miss,Electronics,410.0,225
1091,Speak,Food,677.89,51
1092,Direction,Books,294.13,491
1093,Include,Toys,578.08,326
1094,Through,Toys,615.64,429
1095,Single,Books,250.69,364
1096,Not,Books,842.64,483
1097,Let,Toys,772.87,27
1098,Serve,Sports,838.66,69
1099,Trouble,Electronics,540.09,235
1100,Wind,Electronics,31.49,428
1101,People,Toys,898.77,29
1102,Them,Sports,276.81,307
1103,Doctor,Sports,305.93,115
1104,Use,Home,441.29,107
1105,Cost,Sports,635.89,455
1106,Scene,Toys,966.66,4
1107,Fund,Clothing,937.24,90
1108,Begin,Toys,59.76,93
1109,Quality,Sports,594.29,21
1110,Inside,Home,887.96,399
1111,Far,Home,686.63,226
1112,Or,Sports,195.34,90
1113,Buy,Books,73.44,422
1114,Animal,Toys,335.47,106
1115,Pass,Toys,99.85,16
1116,My,Electronics,860.02,95
1117,Second,Sports,451.69,120
1118,Trade,Sports,797.89,169
1119,Shake,Food,510.38,222
1120,Present,Sports,834.19,303
1121,Teach,Electronics,785.47,214
1122,Group,Toys,902.06,217
1123,Along,Food,836.99,383
1124,Deal,Home,792.79,310
1125,Push,Toys,989.42,228
1126,Throw,Food,194.7,223
1127,Inside,Sports,208.8,223
1128,Live,Sports,733.84,400
1129,Adult,Electronics,828.03,170
1130,Million,Food,233.65,72
1131,Need,Electronics,878.92,323
1132,Line,Sports,72.93,405
1133,Involve,Food,625.18,482
1134,Should,Clothing,344.82,331
1135,Research,Clothing,472.66,371
1136,See,Sports,434.29,325
1137,Early,Books,705.2,289
1138,Sound,Food,412.77,283
1139,Man,Sports,32.03,306
1140,Responsibility,Books,615.57,122
1141,Bank,Home,113.02,468
1142,Pattern,Electronics,651.2,46
1143,Message,Books,612.57,219
1144,Morning,Clothing,268.75,63
1145,Either,Electronics,621.23,76
1146,Administration,Food,769.9,134
1147,Lose,Toys,257.92,366
1148,Listen,Sports,432.79,305
1149,News,Clothing,971.69,414
1150,Certain,Electronics,687.86,236
1151,Bill,Clothing,785.17,205
1152,Different,Books,767.82,14
1153,Not,Electronics,327.99,349
1154,Son,Toys,478.12,86
1155,Figure,Sports,131.24,467
1156,City,Clothing,887.03,250
1157,Production,Books,838.29,451
1158,Investment,Toys,729.48,473
1159,Space,Food,863.92,34
1160,Itself,Toys,236.9,58
1161,Everybody,Sports,164.15,77
1162,Window,Clothing,10.79,38
1163,Wall,Electronics,495.72,483
1164,Capital,Books,983.99,171
1165,Every,Sports,642.91,42
1166,Computer,Food,235.53,361
1167,Return,Clothing,324.27,142
1168,Compare,Toys,157.19,135
1169,Sport,Books,615.5,398
1170,Newspaper,Home,464.32,345
1171,Forget,Toys,483.67,4
1172,Including,Food,435.7,356
1173,Truth,Books,629.8,406
1174,On,Toys,423.62,366
1175,Response,Toys,445.45,20
1176,Idea,Home,712.62,78
1177,Religious,Home,37.41,21
1178,Spend,Food,43.93,91
1179,Public,Food,370.24,235
1180,True,Clothing,431.24,84
1181,Similar,Sports,964.32,74
1182,Bill,Home,984.64,485
1183,North,Food,337.35,457
1184,Past,Food,516.36,284
1185,Think,Electronics,208.18,66
1186,Wait,Electronics,67.94,194
1187,We,Sports,971.34,114
1188,Science,Clothing,157.28,500
1189,Only,Home,226.76,209
1190,Significant,Home,374.39,68
1191,Road,Clothing,867.58,175
1192,Hit,Toys,43.83,160
1193,Sort,Books,965.5,165
1194,Film,Food,893.07,459
1195,At,Sports,993.1,158
1196,Away,Books,970.91,461
1197,Class,Home,786.31,427
1198,Happy,Electronics,453.95,49
1199,Bank,Home,947.09,400
1200,Skin,Food,564.75,135
1201,Treat,Electronics,579.16,42
1202,Bring,Electronics,711.86,444
1203,Glass,Food,956.47,15
1204,Field,Electronics,731.67,235
1205,Debate,Home,122.94,449
1206,Organization,Food,710.75,276
1207,Pretty,Toys,783.59,28
1208,Career,Food,440.51,438
1209,Speech,Sports,60.2,335
1210,Arrive,Home,907.13,147
1211,Appear,Sports,749.89,189
1212,Chance,Food,898.8,300
1213,Whose,Clothing,911.87,401
1214,Congress,Home,74.62,438
1215,Continue,Books,945.85,80
1216,Final,Home,533.86,118
1217,Bring,Toys,184.98,425
1218,He,Electronics,770.6,476
1219,Theory,Electronics,691.53,157
1220,Field,Food,938.19,163
1221,Lose,Sports,282.87,425
1222,Act,Toys,657.17,412
1223,Southern,Food,862.29,470
1224,Environmental,Toys,700.14,98
1225,Arrive,Home,426.19,54
1226,Perhaps,Home,904.64,396
1227,Nation,Electronics,503.47,143
1228,Best,Toys,626.31,79
1229,Family,Clothing,313.53,75
1230,Member,Toys,647.99,75
1231,Source,Home,128.69,274
1232,Control,Sports,486.23,493
1233,Doctor,Home,770.52,334
1234,Almost,Sports,840.9,282
1235,Sort,Books,143.38,183
1236,Reason,Clothing,732.88,290
1237,Subject,Home,726.09,144
1238,Thus,Toys,632.96,215
1239,End,Books,445.32,442
1240,Too,Clothing,782.39,82
1241,Former,Food,279.4,198
1242,Upon,Electronics,365.06,189
1243,Who,Toys,852.46,273
1244,Sport,Clothing,663.56,212
1245,Us,Food,349.59,391
1246,Why,Clothing,732.63,376
1247,Life,Home,395.24,191
1248,Week,Books,603.87,93
1249,Leave,Electronics,287.01,44
1250,Choice,Home,58.21,327
1251,Speak,Books,213.43,244
1252,Commercial,Home,899.83,432
1253,Well,Electronics,777.32,483
1254,Summer,Books,810.87,135
1255,Than,Clothing,136.01,387
1256,Western,Sports,199.83,281
1257,Wrong,Books,738.41,195
1258,Difference,Electronics,825.5,49
1259,House,Electronics,456.25,312
1260,Front,Clothing,836.3,313
1261,Middle,Clothing,970.08,352
1262,History,Food,998.2,343
1263,Head,Food,603.28,421
1264,Thus,Toys,563.07,478
1265,Performance,Food,675.6,81
1266,Say,Toys,330.17,484
1267,Much,Clothing,732.21,257
1268,Response,Electronics,999.12,279
1269,But,Food,945.89,313
1270,Save,Food,289.61,132
1271,Cultural,Electronics,67.83,232
1272,However,Home,854.28,81
1273,His,Clothing,977.92,95
1274,Marriage,Electronics,872.01,434
1275,Heart,Toys,262.37,392
1276,Evening,Clothing,290.79,4
1277,Least,Electronics,805.37,141
1278,Save,Home,430.33,356
1279,Expect,Sports,995.57,317
1280,Result,Sports,376.34,365
1281,Less,Food,657.77,108
1282,Those,Electronics,244.58,243
1283,Remember,Toys,111.88,286
1284,Military,Books,209.02,360
1285,Lot,Books,829.79,373
1286,Painting,Clothing,837.11,28
1287,It,Sports,212.73,316
1288,Dream,Toys,84.42,443
1289,National,Toys,642.24,104
1290,Agency,Electronics,700.15,465
1291,Group,Home,897.14,356
1292,Energy,Food,222.65,184
1293,Development,Clothing,7.88,425
1294,Hotel,Electronics,64.08,324
1295,Have,Sports,787.24,415
1296,Produce,Food,789.31,20
1297,Rock,Books,115.26,365
1298,Under,Books,211.35,119
1299,Traditional,Toys,315.19,326
1300,Your,Home,123.52,344
1301,Writer,Clothing,169.39,282
1302,According,Food,144.26,211
1303,Enjoy,Electronics,405.67,182
1304,Way,Clothing,48.44,40
1305,Rather,Home,506.8,243
1306,Black,Sports,713.45,217
1307,Wall,Electronics,853.72,219
1308,Prepare,Food,175.02,52
1309,Note,Home,563.79,61
1310,Reach,Home,113.98,171
1311,The,Home,45.35,410
1312,Some,Toys,678.56,284
1313,Event,Home,47.06,133
1314,Material,Sports,241.69,228
1315,Their,Electronics,886.68,357
1316,Need,Sports,872.68,288
1317,Once,Books,686.65,457
1318,Nearly,Clothing,249.76,260
1319,Discussion,Home,628.1,60
1320,Door,Home,935.26,29
1321,Sometimes,Food,654.55,485
1322,Old,Books,998.37,190
1323,Already,Toys,69.11,460
1324,Factor,Toys,374.66,225
1325,Measure,Food,328.38,309
1326,Month,Electronics,651.72,500
1327,Beat,Clothing,223.92,328
1328,Center,Sports,560.32,213
1329,Get,Books,772.66,493
1330,Message,Food,826.65,263
1331,Dark,Home,214.27,453
1332,Central,Clothing,323.05,375
1333,Hold,Books,848.25,349
1334,Where,Books,127.86,449
1335,Office,Electronics,64.09,17
1336,Collection,Toys,857.34,207
1337,Skill,Toys,522.45,3
1338,Ball,Books,902.82,279
1339,Voice,Toys,327.87,41
1340,Model,Sports,395.85,182
1341,Good,Food,48.08,50
1342,Teacher,Toys,273.03,130
1343,Leave,Books,583.11,51
1344,Fact,Clothing,362.58,198
1345,Spring,Food,946.85,273
1346,White,Toys,625.26,367
1347,Task,Home,675.02,76
1348,Throw,Food,965.54,496
1349,The,Toys,771.67,150
1350,Glass,Home,116.74,449
1351,May,Electronics,657.96,326
1352,Pm,Clothing,88.49,109
1353,Debate,Food,986.28,414
1354,Authority,Home,805.47,345
1355,Personal,Toys,474.81,158
1356,Order,Books,343.93,488
1357,Produce,Clothing,950.07,19
1358,Analysis,Clothing,161.57,440
1359,In,Books,316.55,130
1360,Responsibility,Food,543.36,188
1361,Dog,Sports,40.21,454
1362,Risk,Books,72.94,368
1363,Exist,Books,618.61,92
1364,Everything,Books,485.29,405
1365,Rock,Electronics,544.53,22
1366,Town,Electronics,293.81,218
1367,Five,Clothing,560.7,260
1368,Toward,Food,794.76,179
1369,Country,Clothing,818.57,124
1370,Follow,Clothing,737.53,294
1371,Yet,Electronics,926.5,0
1372,Season,Clothing,482.57,65
1373,Let,Books,93.1,478
1374,Firm,Sports,41.87,299
1375,Including,Electronics,659.3,137
1376,Especially,Toys,701.27,466
1377,Outside,Toys,302.64,59
1378,Garden,Home,351.49,54
1379,Attorney,Home,340.94,266
1380,Sure,Sports,250.74,488
1381,Country,Home,52.26,202
1382,Similar,Sports,608.95,269
1383,Visit,Clothing,690.61,301
1384,Everyone,Clothing,819.64,497
1385,Truth,Electronics,262.53,396
1386,Always,Home,260.21,74
1387,Someone,Books,586.92,460
1388,Myself,Food,522.44,32
1389,Specific,Home,589.55,360
1390,Various,Home,164.29,384
1391,Describe,Sports,683.71,368
1392,Quickly,Books,549.67,259
1393,Exist,Books,805.34,40
1394,Theory,Home,947.85,72
1395,With,Toys,16.2,377
1396,Around,Electronics,16.3,403
1397,Strong,Toys,434.19,99
1398,Peace,Sports,598.29,310
1399,Laugh,Toys,839.85,221
1400,Organization,Books,641.95,361
1401,Situation,Clothing,314.05,10
1402,Society,Food,719.82,395
1403,Call,Clothing,774.42,463
1404,Interesting,Electronics,857.42,326
1405,Exist,Clothing,719.17,355
1406,Often,Food,703.34,69
1407,Surface,Home,229.6,346
1408,Single,Food,845.74,356
1409,Study,Toys,138.15,24
1410,Into,Books,483.9,356
1411,Serve,Toys,125.46,32
1412,Stand,Sports,150.31,148
1413,Teach,Sports,137.22,470
1414,Debate,Books,117.48,375
1415,Truth,Electronics,202.44,338
1416,Effect,Books,523.82,146
1417,North,Toys,882.84,387
1418,Social,Sports,440.24,385
1419,Manage,Clothing,844.7,163
1420,While,Home,170.15,423
1421,Far,Toys,915.74,24
1422,Change,Books,379.26,204
1423,Small,Food,995.95,98
1424,Street,Home,869.06,402
1425,Put,Books,539.06,157
1426,Today,Electronics,906.44,22
1427,American,Home,60.34,54
1428,Evening,Toys,14.51,463
1429,These,Toys,952.4,442
1430,Moment,Food,913.03,60
1431,Claim,Home,773.83,329
1432,Own,Toys,349.65,76
1433,Near,Sports,25.68,42
1434,Serious,Books,393.65,252
1435,Away,Electronics,587.11,18
1436,Safe,Toys,677.08,37
1437,Bring,Toys,881.9,4
1438,Road,Books,654.77,492
1439,Thing,Toys,774.81,382
1440,Either,Clothing,206.35,25
1441,Worker,Books,341.34,452
1442,Time,Toys,778.75,298
1443,Who,Food,700.91,454
1444,Discuss,Sports,617.52,401
1445,Least,Books,424.63,415
1446,Serve,Food,397.61,210
1447,Want,Sports,785.0,318
1448,Mrs,Food,9.88,280
1449,International,Clothing,312.63,85
1450,Me,Food,684.22,149
1451,Kind,Clothing,876.05,173
1452,Cut,Toys,741.76,67
1453,Something,Sports,176.87,134
1454,Talk,Books,772.36,61
1455,Something,Electronics,783.22,441
1456,Dark,Home,367.75,55
1457,Tv,Sports,788.44,469
1458,Enough,Clothing,489.1,494
1459,Blood,Books,901.85,32
1460,Sell,Sports,827.03,181
1461,Forget,Clothing,573.43,253
1462,Economy,Books,617.25,239
1463,Woman,Clothing,793.79,77
1464,My,Sports,99.33,266
1465,Season,Clothing,797.61,492
1466,Strong,Toys,785.68,169
1467,Wonder,Books,826.43,346
1468,Break,Home,113.23,195
1469,Color,Clothing,872.78,272
1470,Person,Books,237.81,362
1471,She,Sports,828.3,2
1472,Interest,Home,775.23,388
1473,Heart,Clothing,855.63,288
1474,Build,Electronics,245.81,199
1475,Price,Books,791.79,401
1476,Body,Toys,28.33,150
1477,Sit,Books,126.34,55
1478,Lose,Clothing,340.66,297
1479,Individual,Electronics,87.85,460
1480,Of,Home,457.84,187
1481,Why,Toys,630.38,212
1482,Answer,Sports,627.31,20
1483,See,Clothing,58.59,197
1484,Air,Clothing,493.33,229
1485,Nearly,Home,90.88,196
1486,Modern,Food,905.33,269
1487,Off,Books,362.27,111
1488,Less,Books,831.66,195
1489,Newspaper,Sports,551.69,335
1490,Push,Toys,497.32,114
1491,Political,Home,104.6,497
1492,Pay,Clothing,411.32,359
1493,Even,Electronics,293.66,418
1494,Three,Home,853.69,185
1495,Foreign,Clothing,201.46,270
1496,Man,Books,644.83,139
1497,Center,Books,737.4,315
1498,News,Clothing,942.73,453
1499,Ability,Sports,338.04,167
1500,Money,Toys,62.02,133
1501,Myself,Toys,470.26,26
1502,What,Books,968.43,455
1503,Sense,Toys,90.38,269
1504,Tend,Toys,844.18,331
1505,Support,Toys,832.25,52
1506,From,Home,691.4,327
1507,Product,Electronics,300.36,289
1508,Issue,Home,185.63,208
1509,Identify,Home,818.53,117
1510,Parent,Books,78.6,437
1511,Bill,Home,713.0,395
1512,Form,Food,992.68,214
1513,Task,Sports,430.7,76
1514,Need,Clothing,981.96,462
1515,Require,Sports,383.97,494
1516,View,Toys,303.89,28
1517,Necessary,Clothing,88.52,357
1518,Responsibility,Food,575.3,294
1519,Music,Food,916.87,284
1520,Environment,Sports,116.53,114
1521,Generation,Clothing,941.86,35
1522,Appear,Home,48.65,432
1523,Perform,Food,330.51,347
1524,Rich,Books,910.67,493
1525,Culture,Toys,814.49,83
1526,Set,Books,717.42,187
1527,General,Toys,249.91,75
1528,Image,Food,973.98,125
1529,He,Food,212.93,10
1530,Start,Clothing,952.49,359
1531,Already,Toys,931.39,400
1532,Determine,Home,266.49,386
1533,Above,Sports,85.27,364
1534,Nor,Books,385.16,308
1535,Provide,Food,848.85,318
1536,No,Food,820.69,390
1537,Table,Toys,54.48,390
1538,Scene,Clothing,572.81,3
1539,Blood,Sports,742.18,175
1540,Win,Sports,256.72,127
1541,Already,Home,779.3,370
1542,Race,Home,644.05,477
1543,Answer,Books,544.37,459
1544,Anyone,Sports,417.43,172
1545,Science,Toys,943.33,59
1546,Food,Clothing,61.22,371
1547,Box,Clothing,707.81,484
1548,Indeed,Toys,770.63,301
1549,Reflect,Sports,156.34,39
1550,Father,Home,689.02,145
1551,Other,Books,730.28,39
1552,Personal,Toys,105.21,194
1553,Current,Home,95.58,452
1554,Fall,Home,855.6,5
1555,Yet,Sports,283.15,364
1556,If,Electronics,672.58,40
1557,Theory,Home,935.98,462
1558,Image,Clothing,200.07,447
1559,Billion,Books,857.77,392
1560,Clear,Sports,497.14,36
1561,Cover,Sports,321.94,101
1562,Resource,Food,68.28,292
1563,Citizen,Food,7.98,168
1564,Must,Books,306.17,464
1565,How,Clothing,793.45,14
1566,Skin,Books,710.98,333
1567,These,Clothing,756.71,18
1568,Them,Sports,80.62,382
1569,Candidate,Books,356.04,53
1570,Second,Sports,575.12,309
1571,Soldier,Toys,315.87,188
1572,Image,Sports,664.49,465
1573,Decision,Food,795.39,29
1574,Room,Home,856.08,466
1575,Particularly,Electronics,299.59,34
1576,That,Books,164.91,131
1577,Bag,Toys,628.31,299
1578,Machine,Home,771.13,69
1579,Grow,Clothing,709.73,148
1580,Degree,Electronics,319.4,360
1581,Car,Home,727.04,346
1582,Shoulder,Food,203.51,476
1583,Reduce,Sports,521.36,480
1584,Age,Sports,218.06,258
1585,Push,Electronics,920.28,361
1586,Huge,Clothing,602.03,424
1587,Cultural,Home,969.99,107
1588,Group,Books,867.71,266
1589,Bill,Sports,316.81,5
1590,Floor,Food,146.0,319
1591,Summer,Home,576.89,112
1592,Before,Clothing,287.75,296
1593,Beat,Books,940.73,198
1594,Ever,Toys,589.37,473
1595,Including,Sports,807.03,55
1596,Doctor,Electronics,120.23,108
1597,Name,Sports,321.15,467
1598,Degree,Food,502.19,442
1599,Road,Electronics,504.19,313
1600,Each,Clothing,722.81,396
1601,Medical,Food,505.39,68
1602,Election,Electronics,296.83,290
1603,Ok,Electronics,807.41,459
1604,National,Books,166.15,42
1605,Data,Electronics,391.5,111
1606,Military,Clothing,807.35,122
1607,North,Books,807.38,136
1608,Open,Home,679.78,379
1609,Chance,Food,454.31,216
1610,Arm,Electronics,248.53,19
1611,Activity,Clothing,486.99,76
1612,Series,Home,219.21,355
1613,Water,Home,668.01,338
1614,Seven,Clothing,988.81,51
1615,North,Books,887.84,61
1616,Whatever,Home,86.31,108
1617,Owner,Sports,117.06,55
1618,Surface,Home,842.58,367
1619,Safe,Home,67.39,167
1620,Little,Books,626.22,208
1621,Appear,Sports,227.92,95
1622,Popular,Toys,283.33,238
1623,Occur,Sports,417.47,232
1624,Born,Sports,222.85,244
1625,Four,Food,270.31,178
1626,Seven,Electronics,90.5,126
1627,Others,Books,506.47,24
1628,Drive,Sports,205.55,421
1629,Fund,Sports,452.23,165
1630,Either,Home,148.15,261
1631,More,Home,590.4,270
1632,Manage,Toys,315.76,170
1633,Guy,Toys,138.29,323
1634,Ever,Clothing,884.23,263
1635,Whose,Sports,554.73,160
1636,Number,Electronics,630.29,492
1637,Including,Home,990.98,294
1638,Difference,Books,127.74,195
1639,Peace,Home,752.87,235
1640,Production,Books,426.28,308
1641,General,Sports,492.91,336
1642,Door,Sports,232.34,282
1643,Different,Books,862.88,392
1644,Smile,Sports,122.04,445
1645,House,Clothing,295.21,140
1646,Important,Home,344.43,498
1647,Able,Books,21.19,282
1648,Course,Toys,198.62,83
1649,Home,Clothing,588.24,32
1650,Style,Toys,209.97,407
1651,Herself,Toys,539.71,368
1652,Program,Toys,521.93,423
1653,Hand,Clothing,876.48,376
1654,Foreign,Food,902.62,107
1655,Likely,Toys,148.01,412
1656,Rich,Home,289.79,318
1657,Social,Electronics,901.81,9
1658,Camera,Sports,944.74,334
1659,Time,Home,615.4,260
1660,Deep,Electronics,676.8,428
1661,Miss,Books,284.38,13
1662,Almost,Clothing,560.23,263
1663,Home,Food,204.33,402
1664,Record,Sports,514.2,217
1665,Executive,Sports,51.23,50
1666,Successful,Electronics,652.53,73
1667,Action,Toys,83.57,455
1668,Middle,Food,955.78,111
1669,Scientist,Sports,675.82,223
1670,Someone,Electronics,739.02,58
1671,Door,Home,327.12,0
1672,Serve,Clothing,20.09,500
1673,Feel,Food,470.3,258
1674,Word,Home,628.79,291
1675,Condition,Books,425.87,143
1676,Magazine,Electronics,18.07,340
1677,Mr,Food,635.85,306
1678,Talk,Toys,860.36,447
1679,Team,Clothing,488.2,108
1680,Traditional,Sports,615.08,70
1681,Vote,Food,378.53,389
1682,Something,Electronics,494.75,464
1683,Allow,Electronics,732.72,5
1684,Source,Home,909.59,383
1685,If,Home,988.8,482
1686,Next,Sports,911.77,467
1687,Prove,Home,898.15,452
1688,Which,Toys,588.33,340
1689,Success,Electronics,35.72,169
1690,Affect,Books,273.02,179
1691,Different,Home,837.24,500
1692,Half,Clothing,437.19,68
1693,President,Toys,655.06,32
1694,Week,Home,406.6,462
1695,Short,Toys,805.6,236
1696,Top,Books,758.41,211
1697,Worry,Home,307.22,238
1698,Write,Home,802.48,278
1699,Realize,Toys,462.61,343
1700,Loss,Sports,334.59,177
1701,Glass,Toys,614.48,10
1702,Little,Books,411.3,97
1703,Administration,Toys,864.78,62
1704,Film,Food,124.58,491
1705,Employee,Food,718.93,188
1706,Side,Clothing,90.29,232
1707,Officer,Clothing,472.6,256
1708,Grow,Food,526.41,116
1709,Type,Sports,442.81,21
1710,Marriage,Toys,313.62,208
1711,Court,Food,342.25,143
1712,Main,Clothing,409.47,465
1713,Quality,Clothing,407.73,150
1714,Five,Food,704.29,343
1715,Black,Home,785.87,227
1716,Loss,Clothing,52.81,67
1717,Interview,Electronics,394.04,5
1718,Five,Books,602.4,398
1719,Artist,Electronics,751.01,277
1720,Management,Clothing,214.85,42
1721,Eye,Home,607.23,280
1722,Own,Toys,959.25,446
1723,Require,Clothing,454.24,424
1724,Show,Clothing,101.98,378
1725,Pick,Food,625.3,466
1726,Necessary,Home,896.75,449
1727,Next,Books,376.11,144
1728,Country,Sports,359.12,184
1729,Whether,Food,627.76,131
1730,Less,Electronics,604.84,292
1731,Song,Electronics,193.61,335
1732,Care,Electronics,350.48,465
1733,Over,Food,915.79,56
1734,Hit,Home,306.75,371
1735,Year,Sports,352.12,352
1736,Gas,Clothing,840.25,493
1737,Cost,Electronics,610.31,116
1738,Yourself,Sports,661.33,218
1739,Couple,Electronics,734.59,137
1740,Room,Clothing,111.69,367
1741,Half,Clothing,515.34,229
1742,Generation,Sports,719.87,137
1743,Foot,Toys,897.41,182
1744,Tough,Electronics,606.06,276
1745,Very,Sports,96.58,385
1746,Wish,Food,180.35,471
1747,Close,Food,796.31,135
1748,Vote,Books,61.52,494
1749,Although,Electronics,629.15,282
1750,Herself,Clothing,230.88,390
1751,Cultural,Toys,915.46,3
1752,Bag,Sports,927.98,432
1753,Even,Sports,120.37,428
1754,Send,Home,95.08,449
1755,Interesting,Food,893.51,32
1756,Environment,Sports,666.94,130
1757,Piece,Books,815.96,211
1758,Present,Clothing,69.03,257
1759,Actually,Food,563.78,67
1760,White,Books,431.81,69
1761,Later,Books,476.48,452
1762,Knowledge,Sports,944.68,499
1763,Fine,Electronics,792.17,202
1764,Such,Electronics,650.74,322
1765,Actually,Electronics,207.74,407
1766,Finally,Toys,526.15,44
1767,Him,Toys,438.65,66
1768,Response,Toys,334.84,485
1769,Act,Food,10.04,493
1770,Movie,Home,26.26,383
1771,Might,Books,431.17,406
1772,Vote,Books,738.81,133
1773,Ask,Sports,19.82,444
1774,Bring,Electronics,123.06,42
1775,Ago,Toys,778.32,199
1776,Shoulder,Electronics,421.39,67
1777,Born,Home,180.55,39
1778,Tree,Toys,456.81,482
1779,Bring,Toys,923.64,230
1780,Commercial,Food,816.02,333
1781,Measure,Sports,514.58,41
1782,Us,Sports,586.53,224
1783,On,Sports,300.17,159
1784,Government,Clothing,324.32,479
1785,Stuff,Books,548.2,26
1786,Able,Books,838.27,5
1787,Moment,Toys,834.67,373
1788,Another,Clothing,859.2,478
1789,Focus,Home,242.26,296
1790,Machine,Food,180.23,244
1791,Hear,Clothing,108.08,64
1792,Then,Toys,819.85,162
1793,Raise,Home,52.27,44
1794,Student,Home,535.16,420
1795,Value,Electronics,451.23,201
1796,Yet,Clothing,434.72,320
1797,Center,Books,658.49,59
1798,His,Sports,50.32,278
1799,Full,Sports,901.93,489
1800,Writer,Electronics,476.52,310
1801,Just,Sports,47.25,444
1802,Us,Books,567.37,402
1803,Speech,Clothing,595.44,73
1804,Ask,Books,713.49,325
1805,Magazine,Books,409.47,264
1806,Rock,Sports,348.57,89
1807,Result,Toys,720.49,141
1808,Television,Clothing,103.9,159
1809,Defense,Food,376.85,427
1810,Summer,Sports,64.58,463
1811,Probably,Books,952.53,399
1812,Network,Sports,539.49,378
1813,Effect,Food,713.98,69
1814,Memory,Clothing,375.72,5
1815,Then,Toys,819.48,33
1816,Attorney,Toys,875.56,13
1817,Suddenly,Electronics,298.59,456
1818,Stock,Books,278.47,146
1819,Practice,Toys,558.04,445
1820,His,Books,299.29,287
1821,Important,Clothing,688.01,392
1822,Line,Clothing,887.71,217
1823,Hard,Toys,258.51,301
1824,Southern,Clothing,598.76,41
1825,Ability,Toys,767.44,376
1826,Report,Clothing,653.44,234
1827,Take,Home,363.05,306
1828,Lot,Food,496.8,54
1829,Speak,Toys,706.86,201
1830,Morning,Home,981.78,148
1831,Detail,Electronics,514.46,346
1832,Training,Toys,228.57,96
1833,Assume,Sports,702.19,33
1834,Answer,Toys,118.22,252
1835,Appear,Home,403.68,38
1836,Team,Sports,972.62,85
1837,East,Electronics,222.72,282
1838,Store,Sports,942.36,220
1839,Live,Food,474.35,96
1840,Wife,Electronics,342.55,12
1841,Require,Home,783.31,264
1842,Agree,Clothing,13.03,161
1843,Authority,Food,849.01,11
1844,Bed,Books,386.49,440
1845,Quality,Toys,781.42,137
1846,Store,Food,41.31,128
1847,Focus,Books,598.77,185
1848,Describe,Home,291.4,1
1849,Coach,Food,351.37,333
1850,Next,Sports,437.3,151
1851,Mission,Clothing,702.44,461
1852,Decide,Electronics,147.49,42
1853,Effect,Home,566.64,171
1854,Exactly,Electronics,470.95,374
1855,Hand,Home,379.78,212
1856,Challenge,Food,975.38,38
1857,Significant,Clothing,501.24,78
1858,Couple,Home,419.78,412
1859,Carry,Clothing,513.04,423
1860,Billion,Books,556.47,188
1861,Another,Home,627.39,414
1862,Where,Clothing,583.52,374
1863,Girl,Clothing,835.49,159
1864,Whether,Food,843.84,38
1865,Over,Books,241.95,309
1866,West,Toys,283.01,452
1867,Range,Books,514.35,471
1868,Three,Food,138.44,37
1869,Figure,Food,19.35,52
1870,Continue,Home,424.35,452
1871,Both,Home,983.3,164
1872,Congress,Home,794.09,99
1873,Suggest,Clothing,797.93,138
1874,Whole,Toys,339.18,374
1875,Result,Food,344.68,459
1876,Lawyer,Toys,648.28,389
1877,Public,Electronics,785.85,131
1878,Although,Home,526.06,264
1879,Week,Toys,765.91,25
1880,On,Home,724.99,238
1881,Others,Toys,493.34,175
1882,Service,Home,707.02,40
1883,Sense,Food,921.42,11
1884,Now,Electronics,269.94,43
1885,Name,Food,737.82,87
1886,Analysis,Sports,272.58,215
1887,Under,Books,327.73,326
1888,Form,Sports,496.67,495
1889,Career,Books,83.44,212
1890,World,Food,879.38,419
1891,Country,Home,874.75,407
1892,Current,Electronics,12.79,389
1893,Network,Toys,18.47,485
1894,Idea,Sports,679.47,79
1895,Budget,Books,397.87,420
1896,Throughout,Home,263.4,187
1897,Without,Sports,913.32,454
1898,Idea,Books,5.22,231
1899,Practice,Electronics,136.31,269
1900,Offer,Electronics,110.45,445
1901,Front,Books,874.65,486
1902,Car,Food,11.83,175
1903,Assume,Food,653.52,449
1904,Movie,Sports,614.95,323
1905,Drug,Books,59.15,13
1906,Employee,Sports,691.58,87
1907,Sell,Books,214.69,96
1908,Feeling,Sports,866.06,341
1909,Power,Clothing,56.62,303
1910,Just,Sports,729.13,482
1911,Task,Toys,136.3,358
1912,Better,Books,169.36,443
1913,Visit,Books,574.56,88
1914,Wear,Electronics,421.39,111
1915,Memory,Home,260.6,131
1916,Way,Clothing,686.08,190
1917,He,Clothing,206.96,321
1918,Sing,Clothing,805.4,427
1919,Record,Sports,288.1,246
1920,Yard,Clothing,35.17,293
1921,Open,Food,633.69,108
1922,Campaign,Food,5.19,243
1923,Here,Food,237.94,138
1924,Response,Food,271.28,412
1925,Forget,Clothing,235.24,361
1926,Other,Toys,713.94,175
1927,Site,Books,717.82,476
1928,Program,Food,863.57,112
1929,Throw,Toys,164.3,454
1930,Peace,Electronics,112.64,358
1931,Raise,Food,887.82,243
1932,Than,Food,293.38,225
1933,Section,Electronics,219.17,61
1934,Hair,Toys,574.4,54
1935,Director,Sports,717.61,296
1936,Early,Toys,851.18,207
1937,Small,Food,160.87,219
1938,Meeting,Books,166.83,394
1939,Task,Books,148.96,44
1940,Establish,Food,262.74,218
1941,Pattern,Books,443.21,21
1942,Provide,Clothing,141.26,203
1943,Table,Books,337.33,232
1944,Road,Home,762.13,268
1945,Country,Sports,147.76,298
1946,Language,Books,120.69,263
1947,Whose,Food,771.53,234
1948,May,Food,43.21,337
1949,Perform,Electronics,181.49,67
1950,Not,Food,906.41,141
1951,Set,Sports,27.07,145
1952,Direction,Sports,994.65,73
1953,Until,Books,271.75,290
1954,Real,Food,184.0,250
1955,Change,Electronics,734.12,179
1956,Response,Clothing,868.4,377
1957,Course,Books,815.46,412
1958,Pull,Sports,701.35,398
1959,Computer,Sports,431.63,474
1960,Leave,Sports,643.49,256
1961,Family,Food,101.13,139
1962,Listen,Food,436.01,240
1963,Off,Toys,872.45,313
1964,Fall,Home,626.84,343
1965,Apply,Food,353.71,186
1966,Than,Sports,199.84,62
1967,Box,Electronics,272.86,63
1968,Black,Sports,847.5,57
1969,Apply,Toys,843.07,162
1970,Citizen,Electronics,661.79,326
1971,School,Home,553.95,257
1972,Cultural,Sports,894.27,356
1973,Statement,Books,21.71,134
1974,Way,Books,354.87,80
1975,Water,Home,370.58,335
1976,Professional,Toys,771.8,336
1977,Note,Books,495.53,83
1978,Put,Books,690.79,500
1979,Per,Food,179.89,76
1980,Painting,Toys,12.39,371
1981,Body,Toys,251.56,269
1982,Single,Books,876.47,54
1983,Summer,Toys,182.98,435
1984,Eight,Clothing,397.64,452
1985,Treat,Food,691.96,321
1986,Fast,Sports,372.94,381
1987,Win,Toys,601.89,352
1988,Race,Food,51.28,443
1989,President,Food,96.38,211
1990,Recognize,Books,543.05,232
1991,Contain,Toys,718.76,364
1992,Trade,Books,593.0,314
1993,Follow,Home,320.06,72
1994,See,Clothing,341.03,322
1995,Group,Electronics,645.4,105
1996,List,Clothing,122.36,389
1997,Big,Home,385.66,71
1998,However,Sports,157.79,175
1999,Dark,Home,659.82,4
2000,Up,Books,766.19,173
